id,populasyon,baslik,ana_bulgu,esleme,hekim_onayi,soru_sayisi,soru_metinleri,geri_bildirim
"case_normal_heart","yetiskin","Normal Kardiyak Oskültasyon","normal","validated","beklemede","4","Duyduğunuz ses hangisidir? | Sisteminatik kardiyak oskültasyon için en uygun sıra hangisidir? | Bu bulgunun en belirgin duyulduğu alan hangisidir? | Bu oskültasyon için Bell mi, Diyafram mı daha uygundur?","Normal kalp sesleri: S1 sistol başında, uzun ve düşük frekanslı; S2 diyastol başında, kısa ve daha yüksek frekanslıdır. Ritim düzenlidir, ek ses ve üfürüm yoktur."
"case_s3","yetiskin","Üçüncü Kalp Sesi (S3)","s3","validated","beklemede","4","Duyduğunuz ek ses hangisidir? | Bu ses, kalp siklusunun hangi bölümünde belirgindir? | Bu bulgunun en belirgin duyulduğu alan hangisidir? | Bu bulgu için Bell mi, Diyafram mı daha uygundur?","S3: S2'den hemen sonra, erken diyastolde hızlı dolum fazında duyulan düşük frekanslı ek sestir. Gençlerde fizyolojik olabilir; 'ken-ta' ritmi karakteristiktir. Bu kayıtta en belirgin alan apekstir."
"case_s4","yetiskin","Dördüncü Kalp Sesi (S4)","s4","validated","beklemede","4","Duyduğunuz ek ses hangisidir? | S3 ve S4 ayrımı için zamanlama hangi kriterle yapılır? | Bu vakanın kaydında S4 hangi odakta alınmıştır? | Bu bulgu için Bell mi, Diyafram mı daha uygundur?","S4: presistolik, düşük frekanslı ek ses. S1'den hemen önce duyulur; sert ventrikül ve kuvvetli atriyal kontraksiyonla ilişkilidir. Atriyal fibrilasyonda duyulmaz (organize atriyal kontraksiyon yoktur)."
"case_systolic_murmur","yetiskin","Sistolik Üfürüm","mid_systolic_murmur","validated","beklemede","4","Duyduğunuz üfürümün zamanlaması hangisidir? | Bu üfürüm bu vakanın kaydında hangi odakta alınmıştır? | Sistolik üfürüm tanımlamasında hangi özellikler önemlidir? (birden fazla seçebilirsiniz) | Üfürüm karakterini değerlendirmek için Bell mi, Diyafram mı daha uygundur?","Orta sistolik üfürüm: S1 ile S2 arasında duyulan üfürüm. Bu içerikte akustik bulgu ('orta sistolik üfürüm') ile kapak lezyonu tanısı ayrı tutulur; ses sınıfı manikinden doğrulanmış kayıttır."
"case_atrial_fibrillation","yetiskin","Atriyal Fibrilasyon","atrial_fibrillation","validated","beklemede","3","Dinlediğiniz ritmi en iyi tanımlayan seçenek hangisidir? | Bu oskültasyon bulgusu aşağıdakilerden hangisiyle en uyumludur? | Ritim değerlendirmesi için en uygun odak hangisidir?","Atriyal fibrilasyonda S1 şiddeti değişkendir ve ritim düzensiz düzensizdir. Apeks ve arter nabzı arasındaki uyumsuzluk (nabız defisiti) ek bulgudur."
"case_normal_lung","yetiskin","Normal Solunum Sesleri","normal","validated","beklemede","3","Dinlediğiniz solunum sesi hangisidir? | Normal veziküler solunum sesinde inspirasyon–ekspiryum ilişkisi nasıldır? | Karşılaştırmalı (bilateral) pulmoner oskültasyonun amacı nedir?","Normal veziküler solunum: yumuşak, düşük frekanslı; inspirasyon ekspiryumdan uzundur ve ekspiryumda ses hızla söner. Bilateral simetridir."
"case_wheezing","yetiskin","Wheezing","wheezing","validated","beklemede","3","Duyduğunuz ses hangisidir? | Wheezing solunum siklusunun hangi bölümünde daha belirgindir? | Wheezing'in oluşum mekanizması nedir?","Wheezing: yüksek frekanslı, müzikal, ekspiryumda belirgin sürekli ses; küçük hava yollarında daralma ile ilişkilidir. Yaygın bilateral wheezing obstrüktif paternle uyumludur ancak tanı için klinik bağlantı gerekir."
"case_fine_crackles","yetiskin","İnce Raller (Fine Crackles)","fine_crackles","validated","beklemede","3","Duyduğunuz ses hangisidir? | İnce raller tipik olarak solunumun hangi bölümünde duyulur? | İnce raller için doğru olanlar hangileridir?","İnce raller: inspirasyon sonunda duyulan kısa, yüksek frekanslı, kesintili sesler. Alveollerin açılmasına bağlıdır; interstisyel süreçlerde klasik bulgudur."
"case_coarse_crackles","yetiskin","Kaba Raller (Coarse Crackles)","coarse_crackles","validated","beklemede","2","Duyduğunuz ses hangisidir? | İnce ve kaba rallerin en önemli ayırt edici özelliği nedir?","Kaba raller: düşük frekanslı, kaba, 'çırçır/kıvırtma' benzeri sesler; büyük hava yollarındaki sekresyonla ilişkilidir ve öksürükle değişebilir."
"case_rhonchi","yetiskin","Ronküs","rhonchi","validated","beklemede","2","Duyduğunuz ses hangisidir? | Ronküs ile wheezing arasındaki temel fark nedir?","Ronküs: düşük frekanslı (<300 Hz civarı), kaba, sürekli ses. Öksürükle değişebilir; büyük hava yolu sekresyonu/daralmasıyla ilişkilidir."
"case_pleural_rub","yetiskin","Plevral Frotman","pleural_rub","validated","beklemede","2","Duyduğunuz ses hangisidir? | Plevral frotmanın en ayırt edici özelliği nedir?","Plevral frotman: plevral yüzeylerin enflamasyonla sürtünmesinden doğan, iki fazlı, kaba sürtünme sesi. Hastanın tuttuğu yerde lokalize duyulur."
"case_tachycardia","yetiskin","Taşikardi","tachycardia","validated","beklemede","2","Dinlediğiniz ritmi en iyi tanımlayan seçenek hangisidir? | Kalp hızı arttığında kalp siklusunun hangi bölümü önce kısalır?","Taşikardik ritim: düzenli ama hızlıdır; diastolik dolum süresi kısalır. Nedeni (ateş, anemi, ağrı, hipovolemi, aritmi) ayrıca değerlendirilmelidir."
"case_av_block","yetiskin","Atriyoveventriküler Blok","av_block","validated","beklemede","2","Dinlediğiniz bulgu hangisiyle en uyumludur? | İletim bozukluğunda kesin derecelendirme hangi yöntemle yapılır?","AV blokta P–QRS ilişkisi bozulur; oskültasyonda S1 şiddet değişkenliği ve aralık değişkenliği duyulabilir. Kesin tanı ve derecelendirme EKG ile yapılır."
"case_early_systolic_murmur","yetiskin","Erken Sistolik Üfürüm","early_systolic_murmur","validated","beklemede","4","Duyduğunuz akustik bulgu hangisidir? | Üfürüm hangi zaman aralığında duyulur? | Bu vakanın kaydında üfürüm en belirgin hangi odakta alınmıştır? | Üfürümü değerlendirmek için Bell mi, Diyafram mı daha uygundur?","Erken sistolik üfürüm: S1 ile başlar, sistolün ilk yarısında söner. Zamanlama ve süre karakteristiktir."
"case_late_systolic_murmur","yetiskin","Geç Sistolik Üfürüm","late_systolic_murmur","validated","beklemede","4","Duyduğunuz akustik bulgu hangisidir? | Geç sistolik üfürümün zamanlaması nasıldır? | Bu üfürüm bu vakanın kaydında hangi odakta alınmıştır? | Bu oskültasyon için Bell mi, Diyafram mı daha uygundur?","Geç sistolik üfürüm: S1'den sonra başlar, S2'ye doğru belirginleşir. Klik varlığı ayrıca değerlendirilir."
"case_late_diastolic_murmur","yetiskin","Geç Diyastolik (Presistolik) Üfürüm","late_diastolic_murmur","validated","beklemede","4","Duyduğunuz akustik bulgu hangisidir? | Bu üfürüm kalp siklusunun hangi bölümünde duyulur? | Bu vakanın kaydında en belirgin alan hangisidir? | Düşük frekanslı presistolik üfürüm için hangi kafa daha uygundur?","Geç diyastolik (presistolik) üfürüm: S1'den hemen önce duyulur, S1 ile kesilir; düşük frekanslıdır ve bell ile daha iyi duyulur."
"case_mixed_msm_wheezing","yetiskin","Kombine: Üfürüm + Wheezing","mid_systolic_murmur+wheezing","educational_mapping","beklemede","3","Kayıttaki KALP kaynaklı bileşen hangisidir? | Kayıttaki AKCİĞER kaynaklı bileşen hangisidir? | Bu kombine kayıt hangi bölgeden alınmıştır?","Kombine kayıt: Orta sistolik üfürüm + Wheezing birlikte duyulur; iki kaynağı ayrıştırmak klinik dinlemenin temelidir."
"case_mixed_esm_coarse","yetiskin","Kombine: Üfürüm + Kaba Raller","early_systolic_murmur+coarse_crackles","educational_mapping","beklemede","3","Kayıttaki KALP kaynaklı bileşen hangisidir? | Kayıttaki AKCİĞER kaynaklı bileşen hangisidir? | Bu kombine kayıt hangi bölgeden alınmıştır?","Kombine kayıt: Erken sistolik üfürüm + Kaba raller birlikte duyulur; iki kaynağı ayrıştırmak klinik dinlemenin temelidir."
"case_mixed_s3_normal","yetiskin","Kombine: S3 + Normal Solunum","s3+normal","educational_mapping","beklemede","3","Kayıttaki KALP kaynaklı bileşen hangisidir? | Kayıttaki AKCİĞER kaynaklı bileşen hangisidir? | Bu kombine kayıt hangi bölgeden alınmıştır?","Kombine kayıt: S3 (üçüncü kalp sesi) + Normal solunum sesleri birlikte duyulur; iki kaynağı ayrıştırmak klinik dinlemenin temelidir."
"case_mixed_af_rhonchi","yetiskin","Kombine: Düzensiz Ritim + Ronküs","atrial_fibrillation+rhonchi","educational_mapping","beklemede","3","Kayıttaki KALP kaynaklı bileşen hangisidir? | Kayıttaki AKCİĞER kaynaklı bileşen hangisidir? | Bu kombine kayıt hangi bölgeden alınmıştır?","Kombine kayıt: Düzensiz düzensiz ritim (AF ile uyumlu) + Ronküs birlikte duyulur; iki kaynağı ayrıştırmak klinik dinlemenin temelidir."
"case_pediatric_normal_heart","pediatrik","Pediatrik Normal Kardiyak Oskültasyon","normal","validated","beklemede","3","Duyduğunuz ses hangisidir? | 6 yaş çocukta istirahat kalp hızı için beklenen aralık hangisidir? | Çocuklarda masum (innocent) üfürümler için doğru olanlar hangileridir?","Pediatrik normal kardiyak oskültasyon: S1–S2 düzenli, hız yaşa göre yüksek. Çocuklarda S3 fizyolojik olabilir; masum üfürümler sıktır."
"case_pediatric_wheezing","pediatrik","Pediatrik Wheezing (Obstrüktif Patern)","wheezing","validated","beklemede","2","Duyduğunuz ses hangisidir? | 3 yaşında beklenen istirahat solunum sayısı aralığı hangisidir?","Pediatrik wheezing: yaygın obstrüktif patern; küçük çocuklarda sık görülür. Tanı tek oskültasyonla konmaz; klinik bağlam gerekir."
"case_pediatric_innocent_murmur","pediatrik","Pediatrik Masum Üfürüm (Gerçek Pediatrik Kayıt)","early_systolic_murmur","validated","beklemede","4","Duyduğunuz üfürümün zamanlaması hangisidir? | Ateşli hastalıkta duyulan kısa sistolik üfürüm için en doğru yaklaşım hangisidir? | Gerçek pediatrik kayıt hangi odaktan alınmıştır? | Üfürüm değerlendirmesinde hangi kafa tercih edilir?","Pediatrik erken sistolik üfürüm: aort odağında gerçek hasta kaydı. Ateşli dönemde duyulan kısa sistolik üfürümler sık görülür; masum/patolojik ayrımı klinik bağlam ve gerekirse ileri tetkik ile yapılır."
"auto_heart_normal_aortic","yetişkin","Normal Kalp Sesleri — Aort odağı","normal","validated","beklemede","4","Duyduğunuz akustik bulgu hangisidir? | Bu vakanın ana kaydı hangi odakta alınmıştır? | Bu bulgunun siklus içindeki zamanlaması hangisidir? | Bu bulgu için hangi stetoskop kafası daha uygundur?","Normal (veziküler) solunum sesi yumuşak, düşük frekanslı ve süreklidir; inspirasyon ekspiryumdan uzundur."
"auto_heart_normal_pulmonary","yetişkin","Normal Kalp Sesleri — Pulmoner odak","normal","validated","beklemede","4","Duyduğunuz akustik bulgu hangisidir? | Bu vakanın ana kaydı hangi odakta alınmıştır? | Bu bulgunun siklus içindeki zamanlaması hangisidir? | Bu bulgu için hangi stetoskop kafası daha uygundur?","Normal (veziküler) solunum sesi yumuşak, düşük frekanslı ve süreklidir; inspirasyon ekspiryumdan uzundur."
"auto_heart_normal_tricuspid","yetişkin","Normal Kalp Sesleri — Triküspit odak","normal","validated","beklemede","4","Duyduğunuz akustik bulgu hangisidir? | Bu vakanın ana kaydı hangi odakta alınmıştır? | Bu bulgunun siklus içindeki zamanlaması hangisidir? | Bu bulgu için hangi stetoskop kafası daha uygundur?","Normal (veziküler) solunum sesi yumuşak, düşük frekanslı ve süreklidir; inspirasyon ekspiryumdan uzundur."
"auto_heart_normal_mitral","yetişkin","Normal Kalp Sesleri — Mitral odak / Apeks","normal","validated","beklemede","4","Duyduğunuz akustik bulgu hangisidir? | Bu vakanın ana kaydı hangi odakta alınmıştır? | Bu bulgunun siklus içindeki zamanlaması hangisidir? | Bu bulgu için hangi stetoskop kafası daha uygundur?","Normal (veziküler) solunum sesi yumuşak, düşük frekanslı ve süreklidir; inspirasyon ekspiryumdan uzundur."
"auto_heart_s3_pulmonary","yetişkin","S3 (Üçüncü Kalp Sesi) — Pulmoner odak","s3","validated","beklemede","4","Duyduğunuz akustik bulgu hangisidir? | Bu vakanın ana kaydı hangi odakta alınmıştır? | Bu bulgunun siklus içindeki zamanlaması hangisidir? | Bu bulgu için hangi stetoskop kafası daha uygundur?","S3 (üçüncü kalp sesi), erken diyastolde hızlı ventriküler dolum fazında duyulan düşük frekanslı ek sestir."
"auto_heart_s3_tricuspid","yetişkin","S3 (Üçüncü Kalp Sesi) — Triküspit odak","s3","validated","beklemede","4","Duyduğunuz akustik bulgu hangisidir? | Bu vakanın ana kaydı hangi odakta alınmıştır? | Bu bulgunun siklus içindeki zamanlaması hangisidir? | Bu bulgu için hangi stetoskop kafası daha uygundur?","S3 (üçüncü kalp sesi), erken diyastolde hızlı ventriküler dolum fazında duyulan düşük frekanslı ek sestir."
"auto_heart_s3_mitral","yetişkin","S3 (Üçüncü Kalp Sesi) — Mitral odak / Apeks","s3","validated","beklemede","4","Duyduğunuz akustik bulgu hangisidir? | Bu vakanın ana kaydı hangi odakta alınmıştır? | Bu bulgunun siklus içindeki zamanlaması hangisidir? | Bu bulgu için hangi stetoskop kafası daha uygundur?","S3 (üçüncü kalp sesi), erken diyastolde hızlı ventriküler dolum fazında duyulan düşük frekanslı ek sestir."
"auto_heart_s4_pulmonary","yetişkin","S4 (Dördüncü Kalp Sesi) — Pulmoner odak","s4","validated","beklemede","3","Duyduğunuz akustik bulgu hangisidir? | Bu bulgunun siklus içindeki zamanlaması hangisidir? | Bu bulgu için hangi stetoskop kafası daha uygundur?","S4 (dördüncü kalp sesi), geç diyastolde atriyal kontraksiyonla dolum sırasında oluşan düşük frekanslı presistolik sestir."
"auto_heart_early_systolic_murmur_aortic","yetişkin","Erken Sistolik Üfürüm — Aort odağı","early_systolic_murmur","validated","beklemede","4","Duyduğunuz akustik bulgu hangisidir? | Bu vakanın ana kaydı hangi odakta alınmıştır? | Bu bulgunun siklus içindeki zamanlaması hangisidir? | Bu bulgu için hangi stetoskop kafası daha uygundur?","Erken sistolik üfürüm, S1'den hemen sonra başlayıp sistolün ilk yarısında söner."
"auto_heart_early_systolic_murmur_pulmonary","yetişkin","Erken Sistolik Üfürüm — Pulmoner odak","early_systolic_murmur","validated","beklemede","4","Duyduğunuz akustik bulgu hangisidir? | Bu vakanın ana kaydı hangi odakta alınmıştır? | Bu bulgunun siklus içindeki zamanlaması hangisidir? | Bu bulgu için hangi stetoskop kafası daha uygundur?","Erken sistolik üfürüm, S1'den hemen sonra başlayıp sistolün ilk yarısında söner."
"auto_heart_early_systolic_murmur_tricuspid","yetişkin","Erken Sistolik Üfürüm — Triküspit odak","early_systolic_murmur","validated","beklemede","4","Duyduğunuz akustik bulgu hangisidir? | Bu vakanın ana kaydı hangi odakta alınmıştır? | Bu bulgunun siklus içindeki zamanlaması hangisidir? | Bu bulgu için hangi stetoskop kafası daha uygundur?","Erken sistolik üfürüm, S1'den hemen sonra başlayıp sistolün ilk yarısında söner."
"auto_heart_early_systolic_murmur_mitral","yetişkin","Erken Sistolik Üfürüm — Mitral odak / Apeks","early_systolic_murmur","validated","beklemede","4","Duyduğunuz akustik bulgu hangisidir? | Bu vakanın ana kaydı hangi odakta alınmıştır? | Bu bulgunun siklus içindeki zamanlaması hangisidir? | Bu bulgu için hangi stetoskop kafası daha uygundur?","Erken sistolik üfürüm, S1'den hemen sonra başlayıp sistolün ilk yarısında söner."
"auto_heart_mid_systolic_murmur_mitral","yetişkin","Orta Sistolik Üfürüm — Mitral odak / Apeks","mid_systolic_murmur","validated","beklemede","4","Duyduğunuz akustik bulgu hangisidir? | Bu vakanın ana kaydı hangi odakta alınmıştır? | Bu bulgunun siklus içindeki zamanlaması hangisidir? | Bu bulgu için hangi stetoskop kafası daha uygundur?","Orta sistolik üfürüm, S1 ile S2 arasında duyulan ejecte tipi üfürümdür; sistolün ortasında yoğunlaşır."
"auto_heart_mid_systolic_murmur_pulmonary","yetişkin","Orta Sistolik Üfürüm — Pulmoner odak","mid_systolic_murmur","validated","beklemede","4","Duyduğunuz akustik bulgu hangisidir? | Bu vakanın ana kaydı hangi odakta alınmıştır? | Bu bulgunun siklus içindeki zamanlaması hangisidir? | Bu bulgu için hangi stetoskop kafası daha uygundur?","Orta sistolik üfürüm, S1 ile S2 arasında duyulan ejecte tipi üfürümdür; sistolün ortasında yoğunlaşır."
"auto_heart_mid_systolic_murmur_tricuspid","yetişkin","Orta Sistolik Üfürüm — Triküspit odak","mid_systolic_murmur","validated","beklemede","4","Duyduğunuz akustik bulgu hangisidir? | Bu vakanın ana kaydı hangi odakta alınmıştır? | Bu bulgunun siklus içindeki zamanlaması hangisidir? | Bu bulgu için hangi stetoskop kafası daha uygundur?","Orta sistolik üfürüm, S1 ile S2 arasında duyulan ejecte tipi üfürümdür; sistolün ortasında yoğunlaşır."
"auto_heart_mid_systolic_murmur_aortic","yetişkin","Orta Sistolik Üfürüm — Aort odağı","mid_systolic_murmur","validated","beklemede","4","Duyduğunuz akustik bulgu hangisidir? | Bu vakanın ana kaydı hangi odakta alınmıştır? | Bu bulgunun siklus içindeki zamanlaması hangisidir? | Bu bulgu için hangi stetoskop kafası daha uygundur?","Orta sistolik üfürüm, S1 ile S2 arasında duyulan ejecte tipi üfürümdür; sistolün ortasında yoğunlaşır."
"auto_heart_late_systolic_murmur_pulmonary","yetişkin","Geç Sistolik Üfürüm — Pulmoner odak","late_systolic_murmur","validated","beklemede","4","Duyduğunuz akustik bulgu hangisidir? | Bu vakanın ana kaydı hangi odakta alınmıştır? | Bu bulgunun siklus içindeki zamanlaması hangisidir? | Bu bulgu için hangi stetoskop kafası daha uygundur?","Geç sistolik üfürüm, sistolün ikinci yarısında belirginleşir ve S2'ye doğru ilerler."
"auto_heart_late_systolic_murmur_aortic","yetişkin","Geç Sistolik Üfürüm — Aort odağı","late_systolic_murmur","validated","beklemede","4","Duyduğunuz akustik bulgu hangisidir? | Bu vakanın ana kaydı hangi odakta alınmıştır? | Bu bulgunun siklus içindeki zamanlaması hangisidir? | Bu bulgu için hangi stetoskop kafası daha uygundur?","Geç sistolik üfürüm, sistolün ikinci yarısında belirginleşir ve S2'ye doğru ilerler."
"auto_heart_late_systolic_murmur_mitral","yetişkin","Geç Sistolik Üfürüm — Mitral odak / Apeks","late_systolic_murmur","validated","beklemede","4","Duyduğunuz akustik bulgu hangisidir? | Bu vakanın ana kaydı hangi odakta alınmıştır? | Bu bulgunun siklus içindeki zamanlaması hangisidir? | Bu bulgu için hangi stetoskop kafası daha uygundur?","Geç sistolik üfürüm, sistolün ikinci yarısında belirginleşir ve S2'ye doğru ilerler."
"auto_heart_late_systolic_murmur_tricuspid","yetişkin","Geç Sistolik Üfürüm — Triküspit odak","late_systolic_murmur","validated","beklemede","4","Duyduğunuz akustik bulgu hangisidir? | Bu vakanın ana kaydı hangi odakta alınmıştır? | Bu bulgunun siklus içindeki zamanlaması hangisidir? | Bu bulgu için hangi stetoskop kafası daha uygundur?","Geç sistolik üfürüm, sistolün ikinci yarısında belirginleşir ve S2'ye doğru ilerler."
"auto_heart_late_diastolic_murmur_pulmonary","yetişkin","Geç Diyastolik Üfürüm — Pulmoner odak","late_diastolic_murmur","validated","beklemede","4","Duyduğunuz akustik bulgu hangisidir? | Bu vakanın ana kaydı hangi odakta alınmıştır? | Bu bulgunun siklus içindeki zamanlaması hangisidir? | Bu bulgu için hangi stetoskop kafası daha uygundur?","Geç diyastolik (presistolik) üfürüm, diyastolün son bölümünde, S1'den hemen önce duyulur."
"auto_heart_late_diastolic_murmur_mitral","yetişkin","Geç Diyastolik Üfürüm — Mitral odak / Apeks","late_diastolic_murmur","validated","beklemede","4","Duyduğunuz akustik bulgu hangisidir? | Bu vakanın ana kaydı hangi odakta alınmıştır? | Bu bulgunun siklus içindeki zamanlaması hangisidir? | Bu bulgu için hangi stetoskop kafası daha uygundur?","Geç diyastolik (presistolik) üfürüm, diyastolün son bölümünde, S1'den hemen önce duyulur."
"auto_heart_late_diastolic_murmur_tricuspid","yetişkin","Geç Diyastolik Üfürüm — Triküspit odak","late_diastolic_murmur","validated","beklemede","4","Duyduğunuz akustik bulgu hangisidir? | Bu vakanın ana kaydı hangi odakta alınmıştır? | Bu bulgunun siklus içindeki zamanlaması hangisidir? | Bu bulgu için hangi stetoskop kafası daha uygundur?","Geç diyastolik (presistolik) üfürüm, diyastolün son bölümünde, S1'den hemen önce duyulur."
"auto_heart_atrial_fibrillation_mitral","yetişkin","Atriyal Fibrilasyon — Mitral odak / Apeks","atrial_fibrillation","validated","beklemede","5","Duyduğunuz akustik bulgu hangisidir? | Bu vakanın ana kaydı hangi odakta alınmıştır? | Bu bulgunun siklus içindeki zamanlaması hangisidir? | Bu bulgu için hangi stetoskop kafası daha uygundur? | Bu oskültasyon bulgusu aşağıdakilerden hangisiyle en uyumludur?","Atriyal fibrilasyonda ritim düzensiz düzensizdir; S1 şiddeti atıştan atışa değişir."
"auto_heart_atrial_fibrillation_pulmonary","yetişkin","Atriyal Fibrilasyon — Pulmoner odak","atrial_fibrillation","validated","beklemede","5","Duyduğunuz akustik bulgu hangisidir? | Bu vakanın ana kaydı hangi odakta alınmıştır? | Bu bulgunun siklus içindeki zamanlaması hangisidir? | Bu bulgu için hangi stetoskop kafası daha uygundur? | Bu oskültasyon bulgusu aşağıdakilerden hangisiyle en uyumludur?","Atriyal fibrilasyonda ritim düzensiz düzensizdir; S1 şiddeti atıştan atışa değişir."
"auto_heart_atrial_fibrillation_aortic","yetişkin","Atriyal Fibrilasyon — Aort odağı","atrial_fibrillation","validated","beklemede","5","Duyduğunuz akustik bulgu hangisidir? | Bu vakanın ana kaydı hangi odakta alınmıştır? | Bu bulgunun siklus içindeki zamanlaması hangisidir? | Bu bulgu için hangi stetoskop kafası daha uygundur? | Bu oskültasyon bulgusu aşağıdakilerden hangisiyle en uyumludur?","Atriyal fibrilasyonda ritim düzensiz düzensizdir; S1 şiddeti atıştan atışa değişir."
"auto_heart_tachycardia_mitral","yetişkin","Taşikardi — Mitral odak / Apeks","tachycardia","validated","beklemede","5","Duyduğunuz akustik bulgu hangisidir? | Bu vakanın ana kaydı hangi odakta alınmıştır? | Bu bulgunun siklus içindeki zamanlaması hangisidir? | Bu bulgu için hangi stetoskop kafası daha uygundur? | Bu oskültasyon bulgusu aşağıdakilerden hangisiyle en uyumludur?","Taşikardide kalp hızı artar; diastolik dolum süresi kısalır."
"auto_heart_tachycardia_pulmonary","yetişkin","Taşikardi — Pulmoner odak","tachycardia","validated","beklemede","5","Duyduğunuz akustik bulgu hangisidir? | Bu vakanın ana kaydı hangi odakta alınmıştır? | Bu bulgunun siklus içindeki zamanlaması hangisidir? | Bu bulgu için hangi stetoskop kafası daha uygundur? | Bu oskültasyon bulgusu aşağıdakilerden hangisiyle en uyumludur?","Taşikardide kalp hızı artar; diastolik dolum süresi kısalır."
"auto_heart_av_block_tricuspid","yetişkin","Atriyoveventriküler Blok — Triküspit odak","av_block","validated","beklemede","5","Duyduğunuz akustik bulgu hangisidir? | Bu vakanın ana kaydı hangi odakta alınmıştır? | Bu bulgunun siklus içindeki zamanlaması hangisidir? | Bu bulgu için hangi stetoskop kafası daha uygundur? | Bu oskültasyon bulgusu aşağıdakilerden hangisiyle en uyumludur?","Atriyoveventriküler iletim bozukluklarında S1 şiddeti ve atış aralıkları değişebilir."
"auto_heart_av_block_mitral","yetişkin","Atriyoveventriküler Blok — Mitral odak / Apeks","av_block","validated","beklemede","5","Duyduğunuz akustik bulgu hangisidir? | Bu vakanın ana kaydı hangi odakta alınmıştır? | Bu bulgunun siklus içindeki zamanlaması hangisidir? | Bu bulgu için hangi stetoskop kafası daha uygundur? | Bu oskültasyon bulgusu aşağıdakilerden hangisiyle en uyumludur?","Atriyoveventriküler iletim bozukluklarında S1 şiddeti ve atış aralıkları değişebilir."
"auto_lung_normal_right_upper_anterior","yetişkin","Normal Solunum Sesleri — Sağ üst bölge (anterior)","normal","validated","beklemede","3","Dinlediğiniz solunum sesi hangisidir? | Bu ses solunum siklusunun hangi bölümünde belirgindir? | Bu vakanın ana kaydı hangi bölgeden alınmıştır?","Normal (veziküler) solunum sesi yumuşak, düşük frekanslı ve süreklidir; inspirasyon ekspiryumdan uzundur."
"auto_lung_normal_left_upper_anterior","yetişkin","Normal Solunum Sesleri — Sol üst bölge (anterior)","normal","validated","beklemede","3","Dinlediğiniz solunum sesi hangisidir? | Bu ses solunum siklusunun hangi bölümünde belirgindir? | Bu vakanın ana kaydı hangi bölgeden alınmıştır?","Normal (veziküler) solunum sesi yumuşak, düşük frekanslı ve süreklidir; inspirasyon ekspiryumdan uzundur."
"auto_lung_normal_right_middle_anterior","yetişkin","Normal Solunum Sesleri — Sağ orta bölge (anterior)","normal","validated","beklemede","3","Dinlediğiniz solunum sesi hangisidir? | Bu ses solunum siklusunun hangi bölümünde belirgindir? | Bu vakanın ana kaydı hangi bölgeden alınmıştır?","Normal (veziküler) solunum sesi yumuşak, düşük frekanslı ve süreklidir; inspirasyon ekspiryumdan uzundur."
"auto_lung_normal_left_middle_anterior","yetişkin","Normal Solunum Sesleri — Sol orta bölge (anterior)","normal","validated","beklemede","3","Dinlediğiniz solunum sesi hangisidir? | Bu ses solunum siklusunun hangi bölümünde belirgindir? | Bu vakanın ana kaydı hangi bölgeden alınmıştır?","Normal (veziküler) solunum sesi yumuşak, düşük frekanslı ve süreklidir; inspirasyon ekspiryumdan uzundur."
"auto_lung_normal_right_lower_anterior","yetişkin","Normal Solunum Sesleri — Sağ alt bölge (anterior)","normal","validated","beklemede","3","Dinlediğiniz solunum sesi hangisidir? | Bu ses solunum siklusunun hangi bölümünde belirgindir? | Bu vakanın ana kaydı hangi bölgeden alınmıştır?","Normal (veziküler) solunum sesi yumuşak, düşük frekanslı ve süreklidir; inspirasyon ekspiryumdan uzundur."
"auto_lung_normal_left_lower_anterior","yetişkin","Normal Solunum Sesleri — Sol alt bölge (anterior)","normal","validated","beklemede","3","Dinlediğiniz solunum sesi hangisidir? | Bu ses solunum siklusunun hangi bölümünde belirgindir? | Bu vakanın ana kaydı hangi bölgeden alınmıştır?","Normal (veziküler) solunum sesi yumuşak, düşük frekanslı ve süreklidir; inspirasyon ekspiryumdan uzundur."
"auto_lung_wheezing_left_upper_anterior","yetişkin","Wheezing — Sol üst bölge (anterior)","wheezing","validated","beklemede","3","Dinlediğiniz solunum sesi hangisidir? | Bu ses solunum siklusunun hangi bölümünde belirgindir? | Bu vakanın ana kaydı hangi bölgeden alınmıştır?","Wheezing, ekspiryumda duyulan yüksek frekanslı, süreklilik arz eden müzikal hışıltı sesidir."
"auto_lung_wheezing_right_upper_anterior","yetişkin","Wheezing — Sağ üst bölge (anterior)","wheezing","validated","beklemede","3","Dinlediğiniz solunum sesi hangisidir? | Bu ses solunum siklusunun hangi bölümünde belirgindir? | Bu vakanın ana kaydı hangi bölgeden alınmıştır?","Wheezing, ekspiryumda duyulan yüksek frekanslı, süreklilik arz eden müzikal hışıltı sesidir."
"auto_lung_wheezing_right_lower_anterior","yetişkin","Wheezing — Sağ alt bölge (anterior)","wheezing","validated","beklemede","3","Dinlediğiniz solunum sesi hangisidir? | Bu ses solunum siklusunun hangi bölümünde belirgindir? | Bu vakanın ana kaydı hangi bölgeden alınmıştır?","Wheezing, ekspiryumda duyulan yüksek frekanslı, süreklilik arz eden müzikal hışıltı sesidir."
"auto_lung_wheezing_right_middle_anterior","yetişkin","Wheezing — Sağ orta bölge (anterior)","wheezing","validated","beklemede","3","Dinlediğiniz solunum sesi hangisidir? | Bu ses solunum siklusunun hangi bölümünde belirgindir? | Bu vakanın ana kaydı hangi bölgeden alınmıştır?","Wheezing, ekspiryumda duyulan yüksek frekanslı, süreklilik arz eden müzikal hışıltı sesidir."
"auto_lung_wheezing_left_lower_anterior","yetişkin","Wheezing — Sol alt bölge (anterior)","wheezing","validated","beklemede","3","Dinlediğiniz solunum sesi hangisidir? | Bu ses solunum siklusunun hangi bölümünde belirgindir? | Bu vakanın ana kaydı hangi bölgeden alınmıştır?","Wheezing, ekspiryumda duyulan yüksek frekanslı, süreklilik arz eden müzikal hışıltı sesidir."
"auto_lung_wheezing_left_middle_anterior","yetişkin","Wheezing — Sol orta bölge (anterior)","wheezing","validated","beklemede","3","Dinlediğiniz solunum sesi hangisidir? | Bu ses solunum siklusunun hangi bölümünde belirgindir? | Bu vakanın ana kaydı hangi bölgeden alınmıştır?","Wheezing, ekspiryumda duyulan yüksek frekanslı, süreklilik arz eden müzikal hışıltı sesidir."
"auto_lung_rhonchi_left_upper_anterior","yetişkin","Ronküs — Sol üst bölge (anterior)","rhonchi","validated","beklemede","3","Dinlediğiniz solunum sesi hangisidir? | Bu ses solunum siklusunun hangi bölümünde belirgindir? | Bu vakanın ana kaydı hangi bölgeden alınmıştır?","Ronküs, düşük frekanslı (<300 Hz civarı), kaba ve sürekli nitelikte hırıltı sesidir."
"auto_lung_rhonchi_right_lower_anterior","yetişkin","Ronküs — Sağ alt bölge (anterior)","rhonchi","validated","beklemede","3","Dinlediğiniz solunum sesi hangisidir? | Bu ses solunum siklusunun hangi bölümünde belirgindir? | Bu vakanın ana kaydı hangi bölgeden alınmıştır?","Ronküs, düşük frekanslı (<300 Hz civarı), kaba ve sürekli nitelikte hırıltı sesidir."
"auto_lung_rhonchi_right_upper_anterior","yetişkin","Ronküs — Sağ üst bölge (anterior)","rhonchi","validated","beklemede","3","Dinlediğiniz solunum sesi hangisidir? | Bu ses solunum siklusunun hangi bölümünde belirgindir? | Bu vakanın ana kaydı hangi bölgeden alınmıştır?","Ronküs, düşük frekanslı (<300 Hz civarı), kaba ve sürekli nitelikte hırıltı sesidir."
"auto_lung_rhonchi_left_middle_anterior","yetişkin","Ronküs — Sol orta bölge (anterior)","rhonchi","validated","beklemede","3","Dinlediğiniz solunum sesi hangisidir? | Bu ses solunum siklusunun hangi bölümünde belirgindir? | Bu vakanın ana kaydı hangi bölgeden alınmıştır?","Ronküs, düşük frekanslı (<300 Hz civarı), kaba ve sürekli nitelikte hırıltı sesidir."
"auto_lung_rhonchi_left_lower_anterior","yetişkin","Ronküs — Sol alt bölge (anterior)","rhonchi","validated","beklemede","3","Dinlediğiniz solunum sesi hangisidir? | Bu ses solunum siklusunun hangi bölümünde belirgindir? | Bu vakanın ana kaydı hangi bölgeden alınmıştır?","Ronküs, düşük frekanslı (<300 Hz civarı), kaba ve sürekli nitelikte hırıltı sesidir."
"auto_lung_fine_crackles_left_upper_anterior","yetişkin","İnce Raller (Fine Crackles) — Sol üst bölge (anterior)","fine_crackles","validated","beklemede","3","Dinlediğiniz solunum sesi hangisidir? | Bu ses solunum siklusunun hangi bölümünde belirgindir? | Bu vakanın ana kaydı hangi bölgeden alınmıştır?","İnce raller, inspirasyon sonunda duyulan kısa, yüksek frekanslı, kesintili patlama sesleridir."
"auto_lung_fine_crackles_right_upper_anterior","yetişkin","İnce Raller (Fine Crackles) — Sağ üst bölge (anterior)","fine_crackles","validated","beklemede","3","Dinlediğiniz solunum sesi hangisidir? | Bu ses solunum siklusunun hangi bölümünde belirgindir? | Bu vakanın ana kaydı hangi bölgeden alınmıştır?","İnce raller, inspirasyon sonunda duyulan kısa, yüksek frekanslı, kesintili patlama sesleridir."
"auto_lung_fine_crackles_right_lower_anterior","yetişkin","İnce Raller (Fine Crackles) — Sağ alt bölge (anterior)","fine_crackles","validated","beklemede","3","Dinlediğiniz solunum sesi hangisidir? | Bu ses solunum siklusunun hangi bölümünde belirgindir? | Bu vakanın ana kaydı hangi bölgeden alınmıştır?","İnce raller, inspirasyon sonunda duyulan kısa, yüksek frekanslı, kesintili patlama sesleridir."
"auto_lung_coarse_crackles_left_lower_anterior","yetişkin","Kaba Raller (Coarse Crackles) — Sol alt bölge (anterior)","coarse_crackles","validated","beklemede","3","Dinlediğiniz solunum sesi hangisidir? | Bu ses solunum siklusunun hangi bölümünde belirgindir? | Bu vakanın ana kaydı hangi bölgeden alınmıştır?","Kaba raller, daha kaba, düşük frekanslı ve 'nemli' nitelikte kesintili seslerdir."
"auto_lung_coarse_crackles_left_upper_anterior","yetişkin","Kaba Raller (Coarse Crackles) — Sol üst bölge (anterior)","coarse_crackles","validated","beklemede","3","Dinlediğiniz solunum sesi hangisidir? | Bu ses solunum siklusunun hangi bölümünde belirgindir? | Bu vakanın ana kaydı hangi bölgeden alınmıştır?","Kaba raller, daha kaba, düşük frekanslı ve 'nemli' nitelikte kesintili seslerdir."
"auto_lung_coarse_crackles_right_lower_anterior","yetişkin","Kaba Raller (Coarse Crackles) — Sağ alt bölge (anterior)","coarse_crackles","validated","beklemede","3","Dinlediğiniz solunum sesi hangisidir? | Bu ses solunum siklusunun hangi bölümünde belirgindir? | Bu vakanın ana kaydı hangi bölgeden alınmıştır?","Kaba raller, daha kaba, düşük frekanslı ve 'nemli' nitelikte kesintili seslerdir."
"auto_lung_coarse_crackles_left_middle_anterior","yetişkin","Kaba Raller (Coarse Crackles) — Sol orta bölge (anterior)","coarse_crackles","validated","beklemede","3","Dinlediğiniz solunum sesi hangisidir? | Bu ses solunum siklusunun hangi bölümünde belirgindir? | Bu vakanın ana kaydı hangi bölgeden alınmıştır?","Kaba raller, daha kaba, düşük frekanslı ve 'nemli' nitelikte kesintili seslerdir."
"auto_lung_coarse_crackles_right_middle_anterior","yetişkin","Kaba Raller (Coarse Crackles) — Sağ orta bölge (anterior)","coarse_crackles","validated","beklemede","3","Dinlediğiniz solunum sesi hangisidir? | Bu ses solunum siklusunun hangi bölümünde belirgindir? | Bu vakanın ana kaydı hangi bölgeden alınmıştır?","Kaba raller, daha kaba, düşük frekanslı ve 'nemli' nitelikte kesintili seslerdir."
"auto_lung_pleural_rub_right_middle_anterior","yetişkin","Plevral Frotman — Sağ orta bölge (anterior)","pleural_rub","validated","beklemede","3","Dinlediğiniz solunum sesi hangisidir? | Bu ses solunum siklusunun hangi bölümünde belirgindir? | Bu vakanın ana kaydı hangi bölgeden alınmıştır?","Plevral frotman, plevral yüzeylerin sürtünmesiyle oluşan kaba, gıcırtılı sürtünme sesidir."
"auto_lung_pleural_rub_left_upper_anterior","yetişkin","Plevral Frotman — Sol üst bölge (anterior)","pleural_rub","validated","beklemede","3","Dinlediğiniz solunum sesi hangisidir? | Bu ses solunum siklusunun hangi bölümünde belirgindir? | Bu vakanın ana kaydı hangi bölgeden alınmıştır?","Plevral frotman, plevral yüzeylerin sürtünmesiyle oluşan kaba, gıcırtılı sürtünme sesidir."
"auto_lung_pleural_rub_left_lower_anterior","yetişkin","Plevral Frotman — Sol alt bölge (anterior)","pleural_rub","validated","beklemede","3","Dinlediğiniz solunum sesi hangisidir? | Bu ses solunum siklusunun hangi bölümünde belirgindir? | Bu vakanın ana kaydı hangi bölgeden alınmıştır?","Plevral frotman, plevral yüzeylerin sürtünmesiyle oluşan kaba, gıcırtılı sürtünme sesidir."
"auto_lung_pleural_rub_left_middle_anterior","yetişkin","Plevral Frotman — Sol orta bölge (anterior)","pleural_rub","validated","beklemede","3","Dinlediğiniz solunum sesi hangisidir? | Bu ses solunum siklusunun hangi bölümünde belirgindir? | Bu vakanın ana kaydı hangi bölgeden alınmıştır?","Plevral frotman, plevral yüzeylerin sürtünmesiyle oluşan kaba, gıcırtılı sürtünme sesidir."
"auto_lung_pleural_rub_right_upper_anterior","yetişkin","Plevral Frotman — Sağ üst bölge (anterior)","pleural_rub","validated","beklemede","3","Dinlediğiniz solunum sesi hangisidir? | Bu ses solunum siklusunun hangi bölümünde belirgindir? | Bu vakanın ana kaydı hangi bölgeden alınmıştır?","Plevral frotman, plevral yüzeylerin sürtünmesiyle oluşan kaba, gıcırtılı sürtünme sesidir."
"auto_lung_pleural_rub_right_lower_anterior","yetişkin","Plevral Frotman — Sağ alt bölge (anterior)","pleural_rub","validated","beklemede","3","Dinlediğiniz solunum sesi hangisidir? | Bu ses solunum siklusunun hangi bölümünde belirgindir? | Bu vakanın ana kaydı hangi bölgeden alınmıştır?","Plevral frotman, plevral yüzeylerin sürtünmesiyle oluşan kaba, gıcırtılı sürtünme sesidir."
"auto_mixed_late_systolic_murmur_rhonchi_cardiac_pulmonary_001","yetişkin","Kombine: Geç Sistolik Üfürüm + Ronküs","late_systolic_murmur+rhonchi","educational_mapping","beklemede","2","Kayıttaki KALP kaynaklı bileşen hangisidir? | Kayıttaki AKCİĞER kaynaklı bileşen hangisidir?","Kombine kayıtlarda iki kaynağı ayrıştırmak klinik dinlemenin temelidir."
"auto_mixed_s3_normal_right_lower_anterior_002","yetişkin","Kombine: S3 (Üçüncü Kalp Sesi) + Normal Solunum Sesleri","s3+normal","educational_mapping","beklemede","2","Kayıttaki KALP kaynaklı bileşen hangisidir? | Kayıttaki AKCİĞER kaynaklı bileşen hangisidir?","Kombine kayıtlarda iki kaynağı ayrıştırmak klinik dinlemenin temelidir."
"auto_mixed_atrial_fibrillation_normal_left_middle_anterior_003","yetişkin","Kombine: Atriyal Fibrilasyon + Normal Solunum Sesleri","atrial_fibrillation+normal","educational_mapping","beklemede","2","Kayıttaki KALP kaynaklı bileşen hangisidir? | Kayıttaki AKCİĞER kaynaklı bileşen hangisidir?","Kombine kayıtlarda iki kaynağı ayrıştırmak klinik dinlemenin temelidir."
"auto_mixed_s3_coarse_crackles_cardiac_mitral_004","yetişkin","Kombine: S3 (Üçüncü Kalp Sesi) + Kaba Raller (Coarse Crackles)","s3+coarse_crackles","educational_mapping","beklemede","2","Kayıttaki KALP kaynaklı bileşen hangisidir? | Kayıttaki AKCİĞER kaynaklı bileşen hangisidir?","Kombine kayıtlarda iki kaynağı ayrıştırmak klinik dinlemenin temelidir."
"auto_mixed_av_block_fine_crackles_cardiac_aortic_005","yetişkin","Kombine: Atriyoveventriküler Blok + İnce Raller (Fine Crackles)","av_block+fine_crackles","educational_mapping","beklemede","2","Kayıttaki KALP kaynaklı bileşen hangisidir? | Kayıttaki AKCİĞER kaynaklı bileşen hangisidir?","Kombine kayıtlarda iki kaynağı ayrıştırmak klinik dinlemenin temelidir."
"auto_mixed_tachycardia_pleural_rub_cardiac_mitral_006","yetişkin","Kombine: Taşikardi + Plevral Frotman","tachycardia+pleural_rub","educational_mapping","beklemede","2","Kayıttaki KALP kaynaklı bileşen hangisidir? | Kayıttaki AKCİĞER kaynaklı bileşen hangisidir?","Kombine kayıtlarda iki kaynağı ayrıştırmak klinik dinlemenin temelidir."
"auto_mixed_early_systolic_murmur_pleural_rub_left_middle_anterior_007","yetişkin","Kombine: Erken Sistolik Üfürüm + Plevral Frotman","early_systolic_murmur+pleural_rub","educational_mapping","beklemede","2","Kayıttaki KALP kaynaklı bileşen hangisidir? | Kayıttaki AKCİĞER kaynaklı bileşen hangisidir?","Kombine kayıtlarda iki kaynağı ayrıştırmak klinik dinlemenin temelidir."
"auto_mixed_mid_systolic_murmur_wheezing_left_upper_anterior_008","yetişkin","Kombine: Orta Sistolik Üfürüm + Wheezing","mid_systolic_murmur+wheezing","educational_mapping","beklemede","2","Kayıttaki KALP kaynaklı bileşen hangisidir? | Kayıttaki AKCİĞER kaynaklı bileşen hangisidir?","Kombine kayıtlarda iki kaynağı ayrıştırmak klinik dinlemenin temelidir."
"auto_mixed_early_systolic_murmur_coarse_crackles_left_upper_anterior_009","yetişkin","Kombine: Erken Sistolik Üfürüm + Kaba Raller (Coarse Crackles)","early_systolic_murmur+coarse_crackles","educational_mapping","beklemede","2","Kayıttaki KALP kaynaklı bileşen hangisidir? | Kayıttaki AKCİĞER kaynaklı bileşen hangisidir?","Kombine kayıtlarda iki kaynağı ayrıştırmak klinik dinlemenin temelidir."
"auto_mixed_s4_normal_cardiac_mitral_010","yetişkin","Kombine: S4 (Dördüncü Kalp Sesi) + Normal Solunum Sesleri","s4+normal","educational_mapping","beklemede","2","Kayıttaki KALP kaynaklı bileşen hangisidir? | Kayıttaki AKCİĞER kaynaklı bileşen hangisidir?","Kombine kayıtlarda iki kaynağı ayrıştırmak klinik dinlemenin temelidir."
"auto_mixed_av_block_rhonchi_right_middle_anterior_011","yetişkin","Kombine: Atriyoveventriküler Blok + Ronküs","av_block+rhonchi","educational_mapping","beklemede","2","Kayıttaki KALP kaynaklı bileşen hangisidir? | Kayıttaki AKCİĞER kaynaklı bileşen hangisidir?","Kombine kayıtlarda iki kaynağı ayrıştırmak klinik dinlemenin temelidir."
"auto_mixed_late_diastolic_murmur_rhonchi_left_upper_anterior_012","yetişkin","Kombine: Geç Diyastolik Üfürüm + Ronküs","late_diastolic_murmur+rhonchi","educational_mapping","beklemede","2","Kayıttaki KALP kaynaklı bileşen hangisidir? | Kayıttaki AKCİĞER kaynaklı bileşen hangisidir?","Kombine kayıtlarda iki kaynağı ayrıştırmak klinik dinlemenin temelidir."
"auto_mixed_late_diastolic_murmur_coarse_crackles_left_upper_anterior_013","yetişkin","Kombine: Geç Diyastolik Üfürüm + Kaba Raller (Coarse Crackles)","late_diastolic_murmur+coarse_crackles","educational_mapping","beklemede","2","Kayıttaki KALP kaynaklı bileşen hangisidir? | Kayıttaki AKCİĞER kaynaklı bileşen hangisidir?","Kombine kayıtlarda iki kaynağı ayrıştırmak klinik dinlemenin temelidir."
"auto_mixed_atrial_fibrillation_rhonchi_right_lower_anterior_014","yetişkin","Kombine: Atriyal Fibrilasyon + Ronküs","atrial_fibrillation+rhonchi","educational_mapping","beklemede","2","Kayıttaki KALP kaynaklı bileşen hangisidir? | Kayıttaki AKCİĞER kaynaklı bileşen hangisidir?","Kombine kayıtlarda iki kaynağı ayrıştırmak klinik dinlemenin temelidir."
"auto_mixed_late_systolic_murmur_wheezing_right_middle_anterior_015","yetişkin","Kombine: Geç Sistolik Üfürüm + Wheezing","late_systolic_murmur+wheezing","educational_mapping","beklemede","2","Kayıttaki KALP kaynaklı bileşen hangisidir? | Kayıttaki AKCİĞER kaynaklı bileşen hangisidir?","Kombine kayıtlarda iki kaynağı ayrıştırmak klinik dinlemenin temelidir."
"auto_mixed_tachycardia_pleural_rub_right_upper_anterior_016","yetişkin","Kombine: Taşikardi + Plevral Frotman","tachycardia+pleural_rub","educational_mapping","beklemede","2","Kayıttaki KALP kaynaklı bileşen hangisidir? | Kayıttaki AKCİĞER kaynaklı bileşen hangisidir?","Kombine kayıtlarda iki kaynağı ayrıştırmak klinik dinlemenin temelidir."
"auto_mixed_late_diastolic_murmur_normal_right_lower_anterior_017","yetişkin","Kombine: Geç Diyastolik Üfürüm + Normal Solunum Sesleri","late_diastolic_murmur+normal","educational_mapping","beklemede","2","Kayıttaki KALP kaynaklı bileşen hangisidir? | Kayıttaki AKCİĞER kaynaklı bileşen hangisidir?","Kombine kayıtlarda iki kaynağı ayrıştırmak klinik dinlemenin temelidir."
"auto_mixed_late_systolic_murmur_coarse_crackles_cardiac_pulmonary_018","yetişkin","Kombine: Geç Sistolik Üfürüm + Kaba Raller (Coarse Crackles)","late_systolic_murmur+coarse_crackles","educational_mapping","beklemede","2","Kayıttaki KALP kaynaklı bileşen hangisidir? | Kayıttaki AKCİĞER kaynaklı bileşen hangisidir?","Kombine kayıtlarda iki kaynağı ayrıştırmak klinik dinlemenin temelidir."
"auto_mixed_av_block_fine_crackles_left_middle_anterior_019","yetişkin","Kombine: Atriyoveventriküler Blok + İnce Raller (Fine Crackles)","av_block+fine_crackles","educational_mapping","beklemede","2","Kayıttaki KALP kaynaklı bileşen hangisidir? | Kayıttaki AKCİĞER kaynaklı bileşen hangisidir?","Kombine kayıtlarda iki kaynağı ayrıştırmak klinik dinlemenin temelidir."
"auto_mixed_s4_wheezing_cardiac_pulmonary_020","yetişkin","Kombine: S4 (Dördüncü Kalp Sesi) + Wheezing","s4+wheezing","educational_mapping","beklemede","2","Kayıttaki KALP kaynaklı bileşen hangisidir? | Kayıttaki AKCİĞER kaynaklı bileşen hangisidir?","Kombine kayıtlarda iki kaynağı ayrıştırmak klinik dinlemenin temelidir."
"auto_mixed_s3_pleural_rub_cardiac_pulmonary_021","yetişkin","Kombine: S3 (Üçüncü Kalp Sesi) + Plevral Frotman","s3+pleural_rub","educational_mapping","beklemede","2","Kayıttaki KALP kaynaklı bileşen hangisidir? | Kayıttaki AKCİĞER kaynaklı bileşen hangisidir?","Kombine kayıtlarda iki kaynağı ayrıştırmak klinik dinlemenin temelidir."
"auto_mixed_late_diastolic_murmur_coarse_crackles_right_middle_anterior_022","yetişkin","Kombine: Geç Diyastolik Üfürüm + Kaba Raller (Coarse Crackles)","late_diastolic_murmur+coarse_crackles","educational_mapping","beklemede","2","Kayıttaki KALP kaynaklı bileşen hangisidir? | Kayıttaki AKCİĞER kaynaklı bileşen hangisidir?","Kombine kayıtlarda iki kaynağı ayrıştırmak klinik dinlemenin temelidir."
"auto_mixed_tachycardia_pleural_rub_left_upper_anterior_023","yetişkin","Kombine: Taşikardi + Plevral Frotman","tachycardia+pleural_rub","educational_mapping","beklemede","2","Kayıttaki KALP kaynaklı bileşen hangisidir? | Kayıttaki AKCİĞER kaynaklı bileşen hangisidir?","Kombine kayıtlarda iki kaynağı ayrıştırmak klinik dinlemenin temelidir."
"auto_mixed_late_systolic_murmur_fine_crackles_cardiac_pulmonary_024","yetişkin","Kombine: Geç Sistolik Üfürüm + İnce Raller (Fine Crackles)","late_systolic_murmur+fine_crackles","educational_mapping","beklemede","2","Kayıttaki KALP kaynaklı bileşen hangisidir? | Kayıttaki AKCİĞER kaynaklı bileşen hangisidir?","Kombine kayıtlarda iki kaynağı ayrıştırmak klinik dinlemenin temelidir."
"auto_mixed_s4_fine_crackles_right_lower_anterior_025","yetişkin","Kombine: S4 (Dördüncü Kalp Sesi) + İnce Raller (Fine Crackles)","s4+fine_crackles","educational_mapping","beklemede","2","Kayıttaki KALP kaynaklı bileşen hangisidir? | Kayıttaki AKCİĞER kaynaklı bileşen hangisidir?","Kombine kayıtlarda iki kaynağı ayrıştırmak klinik dinlemenin temelidir."
"auto_mixed_s3_normal_left_upper_anterior_026","yetişkin","Kombine: S3 (Üçüncü Kalp Sesi) + Normal Solunum Sesleri","s3+normal","educational_mapping","beklemede","2","Kayıttaki KALP kaynaklı bileşen hangisidir? | Kayıttaki AKCİĞER kaynaklı bileşen hangisidir?","Kombine kayıtlarda iki kaynağı ayrıştırmak klinik dinlemenin temelidir."
"auto_mixed_av_block_normal_cardiac_tricuspid_027","yetişkin","Kombine: Atriyoveventriküler Blok + Normal Solunum Sesleri","av_block+normal","educational_mapping","beklemede","2","Kayıttaki KALP kaynaklı bileşen hangisidir? | Kayıttaki AKCİĞER kaynaklı bileşen hangisidir?","Kombine kayıtlarda iki kaynağı ayrıştırmak klinik dinlemenin temelidir."
"auto_mixed_s3_normal_cardiac_tricuspid_028","yetişkin","Kombine: S3 (Üçüncü Kalp Sesi) + Normal Solunum Sesleri","s3+normal","educational_mapping","beklemede","2","Kayıttaki KALP kaynaklı bileşen hangisidir? | Kayıttaki AKCİĞER kaynaklı bileşen hangisidir?","Kombine kayıtlarda iki kaynağı ayrıştırmak klinik dinlemenin temelidir."
"auto_mixed_atrial_fibrillation_normal_left_lower_anterior_029","yetişkin","Kombine: Atriyal Fibrilasyon + Normal Solunum Sesleri","atrial_fibrillation+normal","educational_mapping","beklemede","2","Kayıttaki KALP kaynaklı bileşen hangisidir? | Kayıttaki AKCİĞER kaynaklı bileşen hangisidir?","Kombine kayıtlarda iki kaynağı ayrıştırmak klinik dinlemenin temelidir."
"auto_mixed_mid_systolic_murmur_coarse_crackles_right_upper_anterior_030","yetişkin","Kombine: Orta Sistolik Üfürüm + Kaba Raller (Coarse Crackles)","mid_systolic_murmur+coarse_crackles","educational_mapping","beklemede","2","Kayıttaki KALP kaynaklı bileşen hangisidir? | Kayıttaki AKCİĞER kaynaklı bileşen hangisidir?","Kombine kayıtlarda iki kaynağı ayrıştırmak klinik dinlemenin temelidir."
"auto_mixed_tachycardia_pleural_rub_cardiac_tricuspid_031","yetişkin","Kombine: Taşikardi + Plevral Frotman","tachycardia+pleural_rub","educational_mapping","beklemede","2","Kayıttaki KALP kaynaklı bileşen hangisidir? | Kayıttaki AKCİĞER kaynaklı bileşen hangisidir?","Kombine kayıtlarda iki kaynağı ayrıştırmak klinik dinlemenin temelidir."
"auto_mixed_late_diastolic_murmur_fine_crackles_cardiac_tricuspid_032","yetişkin","Kombine: Geç Diyastolik Üfürüm + İnce Raller (Fine Crackles)","late_diastolic_murmur+fine_crackles","educational_mapping","beklemede","2","Kayıttaki KALP kaynaklı bileşen hangisidir? | Kayıttaki AKCİĞER kaynaklı bileşen hangisidir?","Kombine kayıtlarda iki kaynağı ayrıştırmak klinik dinlemenin temelidir."
"auto_mixed_atrial_fibrillation_rhonchi_right_middle_anterior_033","yetişkin","Kombine: Atriyal Fibrilasyon + Ronküs","atrial_fibrillation+rhonchi","educational_mapping","beklemede","2","Kayıttaki KALP kaynaklı bileşen hangisidir? | Kayıttaki AKCİĞER kaynaklı bileşen hangisidir?","Kombine kayıtlarda iki kaynağı ayrıştırmak klinik dinlemenin temelidir."
"auto_mixed_s4_wheezing_right_lower_anterior_034","yetişkin","Kombine: S4 (Dördüncü Kalp Sesi) + Wheezing","s4+wheezing","educational_mapping","beklemede","2","Kayıttaki KALP kaynaklı bileşen hangisidir? | Kayıttaki AKCİĞER kaynaklı bileşen hangisidir?","Kombine kayıtlarda iki kaynağı ayrıştırmak klinik dinlemenin temelidir."
"auto_mixed_s4_rhonchi_right_upper_anterior_035","yetişkin","Kombine: S4 (Dördüncü Kalp Sesi) + Ronküs","s4+rhonchi","educational_mapping","beklemede","2","Kayıttaki KALP kaynaklı bileşen hangisidir? | Kayıttaki AKCİĞER kaynaklı bileşen hangisidir?","Kombine kayıtlarda iki kaynağı ayrıştırmak klinik dinlemenin temelidir."
"auto_mixed_early_systolic_murmur_wheezing_cardiac_pulmonary_036","yetişkin","Kombine: Erken Sistolik Üfürüm + Wheezing","early_systolic_murmur+wheezing","educational_mapping","beklemede","2","Kayıttaki KALP kaynaklı bileşen hangisidir? | Kayıttaki AKCİĞER kaynaklı bileşen hangisidir?","Kombine kayıtlarda iki kaynağı ayrıştırmak klinik dinlemenin temelidir."
"auto_mixed_atrial_fibrillation_coarse_crackles_cardiac_tricuspid_037","yetişkin","Kombine: Atriyal Fibrilasyon + Kaba Raller (Coarse Crackles)","atrial_fibrillation+coarse_crackles","educational_mapping","beklemede","2","Kayıttaki KALP kaynaklı bileşen hangisidir? | Kayıttaki AKCİĞER kaynaklı bileşen hangisidir?","Kombine kayıtlarda iki kaynağı ayrıştırmak klinik dinlemenin temelidir."
"auto_mixed_late_diastolic_murmur_wheezing_cardiac_aortic_038","yetişkin","Kombine: Geç Diyastolik Üfürüm + Wheezing","late_diastolic_murmur+wheezing","educational_mapping","beklemede","2","Kayıttaki KALP kaynaklı bileşen hangisidir? | Kayıttaki AKCİĞER kaynaklı bileşen hangisidir?","Kombine kayıtlarda iki kaynağı ayrıştırmak klinik dinlemenin temelidir."
"auto_mixed_av_block_rhonchi_cardiac_pulmonary_039","yetişkin","Kombine: Atriyoveventriküler Blok + Ronküs","av_block+rhonchi","educational_mapping","beklemede","2","Kayıttaki KALP kaynaklı bileşen hangisidir? | Kayıttaki AKCİĞER kaynaklı bileşen hangisidir?","Kombine kayıtlarda iki kaynağı ayrıştırmak klinik dinlemenin temelidir."
"auto_mixed_late_diastolic_murmur_coarse_crackles_right_lower_anterior_040","yetişkin","Kombine: Geç Diyastolik Üfürüm + Kaba Raller (Coarse Crackles)","late_diastolic_murmur+coarse_crackles","educational_mapping","beklemede","2","Kayıttaki KALP kaynaklı bileşen hangisidir? | Kayıttaki AKCİĞER kaynaklı bileşen hangisidir?","Kombine kayıtlarda iki kaynağı ayrıştırmak klinik dinlemenin temelidir."
"auto_mixed_s4_rhonchi_cardiac_aortic_041","yetişkin","Kombine: S4 (Dördüncü Kalp Sesi) + Ronküs","s4+rhonchi","educational_mapping","beklemede","2","Kayıttaki KALP kaynaklı bileşen hangisidir? | Kayıttaki AKCİĞER kaynaklı bileşen hangisidir?","Kombine kayıtlarda iki kaynağı ayrıştırmak klinik dinlemenin temelidir."
"auto_mixed_s3_pleural_rub_right_lower_anterior_042","yetişkin","Kombine: S3 (Üçüncü Kalp Sesi) + Plevral Frotman","s3+pleural_rub","educational_mapping","beklemede","2","Kayıttaki KALP kaynaklı bileşen hangisidir? | Kayıttaki AKCİĞER kaynaklı bileşen hangisidir?","Kombine kayıtlarda iki kaynağı ayrıştırmak klinik dinlemenin temelidir."
"auto_mixed_late_diastolic_murmur_wheezing_left_middle_anterior_043","yetişkin","Kombine: Geç Diyastolik Üfürüm + Wheezing","late_diastolic_murmur+wheezing","educational_mapping","beklemede","2","Kayıttaki KALP kaynaklı bileşen hangisidir? | Kayıttaki AKCİĞER kaynaklı bileşen hangisidir?","Kombine kayıtlarda iki kaynağı ayrıştırmak klinik dinlemenin temelidir."
"auto_mixed_s4_rhonchi_cardiac_tricuspid_044","yetişkin","Kombine: S4 (Dördüncü Kalp Sesi) + Ronküs","s4+rhonchi","educational_mapping","beklemede","2","Kayıttaki KALP kaynaklı bileşen hangisidir? | Kayıttaki AKCİĞER kaynaklı bileşen hangisidir?","Kombine kayıtlarda iki kaynağı ayrıştırmak klinik dinlemenin temelidir."
"auto_mixed_tachycardia_coarse_crackles_right_middle_anterior_045","yetişkin","Kombine: Taşikardi + Kaba Raller (Coarse Crackles)","tachycardia+coarse_crackles","educational_mapping","beklemede","2","Kayıttaki KALP kaynaklı bileşen hangisidir? | Kayıttaki AKCİĞER kaynaklı bileşen hangisidir?","Kombine kayıtlarda iki kaynağı ayrıştırmak klinik dinlemenin temelidir."
"auto_mixed_s4_pleural_rub_right_upper_anterior_046","yetişkin","Kombine: S4 (Dördüncü Kalp Sesi) + Plevral Frotman","s4+pleural_rub","educational_mapping","beklemede","2","Kayıttaki KALP kaynaklı bileşen hangisidir? | Kayıttaki AKCİĞER kaynaklı bileşen hangisidir?","Kombine kayıtlarda iki kaynağı ayrıştırmak klinik dinlemenin temelidir."
"auto_mixed_s4_pleural_rub_cardiac_mitral_047","yetişkin","Kombine: S4 (Dördüncü Kalp Sesi) + Plevral Frotman","s4+pleural_rub","educational_mapping","beklemede","2","Kayıttaki KALP kaynaklı bileşen hangisidir? | Kayıttaki AKCİĞER kaynaklı bileşen hangisidir?","Kombine kayıtlarda iki kaynağı ayrıştırmak klinik dinlemenin temelidir."
"auto_mixed_atrial_fibrillation_pleural_rub_cardiac_mitral_048","yetişkin","Kombine: Atriyal Fibrilasyon + Plevral Frotman","atrial_fibrillation+pleural_rub","educational_mapping","beklemede","2","Kayıttaki KALP kaynaklı bileşen hangisidir? | Kayıttaki AKCİĞER kaynaklı bileşen hangisidir?","Kombine kayıtlarda iki kaynağı ayrıştırmak klinik dinlemenin temelidir."
"auto_mixed_normal_normal_cardiac_tricuspid_049","yetişkin","Kombine: Normal Kalp Sesleri + Normal Solunum Sesleri","normal+normal","educational_mapping","beklemede","2","Kayıttaki KALP kaynaklı bileşen hangisidir? | Kayıttaki AKCİĞER kaynaklı bileşen hangisidir?","Kombine kayıtlarda iki kaynağı ayrıştırmak klinik dinlemenin temelidir."
"auto_mixed_atrial_fibrillation_rhonchi_right_upper_anterior_050","yetişkin","Kombine: Atriyal Fibrilasyon + Ronküs","atrial_fibrillation+rhonchi","educational_mapping","beklemede","2","Kayıttaki KALP kaynaklı bileşen hangisidir? | Kayıttaki AKCİĞER kaynaklı bileşen hangisidir?","Kombine kayıtlarda iki kaynağı ayrıştırmak klinik dinlemenin temelidir."
"auto_mixed_s3_fine_crackles_cardiac_aortic_051","yetişkin","Kombine: S3 (Üçüncü Kalp Sesi) + İnce Raller (Fine Crackles)","s3+fine_crackles","educational_mapping","beklemede","2","Kayıttaki KALP kaynaklı bileşen hangisidir? | Kayıttaki AKCİĞER kaynaklı bileşen hangisidir?","Kombine kayıtlarda iki kaynağı ayrıştırmak klinik dinlemenin temelidir."
"auto_mixed_late_systolic_murmur_coarse_crackles_right_lower_anterior_052","yetişkin","Kombine: Geç Sistolik Üfürüm + Kaba Raller (Coarse Crackles)","late_systolic_murmur+coarse_crackles","educational_mapping","beklemede","2","Kayıttaki KALP kaynaklı bileşen hangisidir? | Kayıttaki AKCİĞER kaynaklı bileşen hangisidir?","Kombine kayıtlarda iki kaynağı ayrıştırmak klinik dinlemenin temelidir."
"auto_mixed_late_systolic_murmur_normal_left_upper_anterior_053","yetişkin","Kombine: Geç Sistolik Üfürüm + Normal Solunum Sesleri","late_systolic_murmur+normal","educational_mapping","beklemede","2","Kayıttaki KALP kaynaklı bileşen hangisidir? | Kayıttaki AKCİĞER kaynaklı bileşen hangisidir?","Kombine kayıtlarda iki kaynağı ayrıştırmak klinik dinlemenin temelidir."
"auto_mixed_s3_rhonchi_cardiac_aortic_054","yetişkin","Kombine: S3 (Üçüncü Kalp Sesi) + Ronküs","s3+rhonchi","educational_mapping","beklemede","2","Kayıttaki KALP kaynaklı bileşen hangisidir? | Kayıttaki AKCİĞER kaynaklı bileşen hangisidir?","Kombine kayıtlarda iki kaynağı ayrıştırmak klinik dinlemenin temelidir."
"auto_mixed_s3_pleural_rub_cardiac_mitral_055","yetişkin","Kombine: S3 (Üçüncü Kalp Sesi) + Plevral Frotman","s3+pleural_rub","educational_mapping","beklemede","2","Kayıttaki KALP kaynaklı bileşen hangisidir? | Kayıttaki AKCİĞER kaynaklı bileşen hangisidir?","Kombine kayıtlarda iki kaynağı ayrıştırmak klinik dinlemenin temelidir."
"auto_mixed_mid_systolic_murmur_pleural_rub_left_middle_anterior_056","yetişkin","Kombine: Orta Sistolik Üfürüm + Plevral Frotman","mid_systolic_murmur+pleural_rub","educational_mapping","beklemede","2","Kayıttaki KALP kaynaklı bileşen hangisidir? | Kayıttaki AKCİĞER kaynaklı bileşen hangisidir?","Kombine kayıtlarda iki kaynağı ayrıştırmak klinik dinlemenin temelidir."
"auto_mixed_normal_normal_right_upper_anterior_057","yetişkin","Kombine: Normal Kalp Sesleri + Normal Solunum Sesleri","normal+normal","educational_mapping","beklemede","2","Kayıttaki KALP kaynaklı bileşen hangisidir? | Kayıttaki AKCİĞER kaynaklı bileşen hangisidir?","Kombine kayıtlarda iki kaynağı ayrıştırmak klinik dinlemenin temelidir."
"auto_mixed_early_systolic_murmur_pleural_rub_cardiac_pulmonary_058","yetişkin","Kombine: Erken Sistolik Üfürüm + Plevral Frotman","early_systolic_murmur+pleural_rub","educational_mapping","beklemede","2","Kayıttaki KALP kaynaklı bileşen hangisidir? | Kayıttaki AKCİĞER kaynaklı bileşen hangisidir?","Kombine kayıtlarda iki kaynağı ayrıştırmak klinik dinlemenin temelidir."
"auto_mixed_mid_systolic_murmur_fine_crackles_left_middle_anterior_059","yetişkin","Kombine: Orta Sistolik Üfürüm + İnce Raller (Fine Crackles)","mid_systolic_murmur+fine_crackles","educational_mapping","beklemede","2","Kayıttaki KALP kaynaklı bileşen hangisidir? | Kayıttaki AKCİĞER kaynaklı bileşen hangisidir?","Kombine kayıtlarda iki kaynağı ayrıştırmak klinik dinlemenin temelidir."
"auto_mixed_late_diastolic_murmur_rhonchi_right_upper_anterior_060","yetişkin","Kombine: Geç Diyastolik Üfürüm + Ronküs","late_diastolic_murmur+rhonchi","educational_mapping","beklemede","2","Kayıttaki KALP kaynaklı bileşen hangisidir? | Kayıttaki AKCİĞER kaynaklı bileşen hangisidir?","Kombine kayıtlarda iki kaynağı ayrıştırmak klinik dinlemenin temelidir."
"auto_mixed_late_systolic_murmur_normal_right_middle_anterior_061","yetişkin","Kombine: Geç Sistolik Üfürüm + Normal Solunum Sesleri","late_systolic_murmur+normal","educational_mapping","beklemede","2","Kayıttaki KALP kaynaklı bileşen hangisidir? | Kayıttaki AKCİĞER kaynaklı bileşen hangisidir?","Kombine kayıtlarda iki kaynağı ayrıştırmak klinik dinlemenin temelidir."
"auto_mixed_mid_systolic_murmur_pleural_rub_cardiac_pulmonary_062","yetişkin","Kombine: Orta Sistolik Üfürüm + Plevral Frotman","mid_systolic_murmur+pleural_rub","educational_mapping","beklemede","2","Kayıttaki KALP kaynaklı bileşen hangisidir? | Kayıttaki AKCİĞER kaynaklı bileşen hangisidir?","Kombine kayıtlarda iki kaynağı ayrıştırmak klinik dinlemenin temelidir."
"auto_mixed_late_systolic_murmur_wheezing_cardiac_tricuspid_063","yetişkin","Kombine: Geç Sistolik Üfürüm + Wheezing","late_systolic_murmur+wheezing","educational_mapping","beklemede","2","Kayıttaki KALP kaynaklı bileşen hangisidir? | Kayıttaki AKCİĞER kaynaklı bileşen hangisidir?","Kombine kayıtlarda iki kaynağı ayrıştırmak klinik dinlemenin temelidir."
"auto_mixed_late_systolic_murmur_fine_crackles_left_upper_anterior_064","yetişkin","Kombine: Geç Sistolik Üfürüm + İnce Raller (Fine Crackles)","late_systolic_murmur+fine_crackles","educational_mapping","beklemede","2","Kayıttaki KALP kaynaklı bileşen hangisidir? | Kayıttaki AKCİĞER kaynaklı bileşen hangisidir?","Kombine kayıtlarda iki kaynağı ayrıştırmak klinik dinlemenin temelidir."
"auto_mixed_av_block_pleural_rub_cardiac_tricuspid_065","yetişkin","Kombine: Atriyoveventriküler Blok + Plevral Frotman","av_block+pleural_rub","educational_mapping","beklemede","2","Kayıttaki KALP kaynaklı bileşen hangisidir? | Kayıttaki AKCİĞER kaynaklı bileşen hangisidir?","Kombine kayıtlarda iki kaynağı ayrıştırmak klinik dinlemenin temelidir."
"auto_mixed_early_systolic_murmur_normal_left_middle_anterior_066","yetişkin","Kombine: Erken Sistolik Üfürüm + Normal Solunum Sesleri","early_systolic_murmur+normal","educational_mapping","beklemede","2","Kayıttaki KALP kaynaklı bileşen hangisidir? | Kayıttaki AKCİĞER kaynaklı bileşen hangisidir?","Kombine kayıtlarda iki kaynağı ayrıştırmak klinik dinlemenin temelidir."
"auto_mixed_mid_systolic_murmur_wheezing_left_middle_anterior_067","yetişkin","Kombine: Orta Sistolik Üfürüm + Wheezing","mid_systolic_murmur+wheezing","educational_mapping","beklemede","2","Kayıttaki KALP kaynaklı bileşen hangisidir? | Kayıttaki AKCİĞER kaynaklı bileşen hangisidir?","Kombine kayıtlarda iki kaynağı ayrıştırmak klinik dinlemenin temelidir."
"auto_mixed_atrial_fibrillation_coarse_crackles_left_middle_anterior_068","yetişkin","Kombine: Atriyal Fibrilasyon + Kaba Raller (Coarse Crackles)","atrial_fibrillation+coarse_crackles","educational_mapping","beklemede","2","Kayıttaki KALP kaynaklı bileşen hangisidir? | Kayıttaki AKCİĞER kaynaklı bileşen hangisidir?","Kombine kayıtlarda iki kaynağı ayrıştırmak klinik dinlemenin temelidir."
"auto_mixed_tachycardia_rhonchi_right_upper_anterior_069","yetişkin","Kombine: Taşikardi + Ronküs","tachycardia+rhonchi","educational_mapping","beklemede","2","Kayıttaki KALP kaynaklı bileşen hangisidir? | Kayıttaki AKCİĞER kaynaklı bileşen hangisidir?","Kombine kayıtlarda iki kaynağı ayrıştırmak klinik dinlemenin temelidir."
"auto_mixed_atrial_fibrillation_rhonchi_cardiac_aortic_070","yetişkin","Kombine: Atriyal Fibrilasyon + Ronküs","atrial_fibrillation+rhonchi","educational_mapping","beklemede","2","Kayıttaki KALP kaynaklı bileşen hangisidir? | Kayıttaki AKCİĞER kaynaklı bileşen hangisidir?","Kombine kayıtlarda iki kaynağı ayrıştırmak klinik dinlemenin temelidir."
"auto_mixed_av_block_coarse_crackles_left_middle_anterior_071","yetişkin","Kombine: Atriyoveventriküler Blok + Kaba Raller (Coarse Crackles)","av_block+coarse_crackles","educational_mapping","beklemede","2","Kayıttaki KALP kaynaklı bileşen hangisidir? | Kayıttaki AKCİĞER kaynaklı bileşen hangisidir?","Kombine kayıtlarda iki kaynağı ayrıştırmak klinik dinlemenin temelidir."
"auto_mixed_mid_systolic_murmur_normal_cardiac_mitral_072","yetişkin","Kombine: Orta Sistolik Üfürüm + Normal Solunum Sesleri","mid_systolic_murmur+normal","educational_mapping","beklemede","2","Kayıttaki KALP kaynaklı bileşen hangisidir? | Kayıttaki AKCİĞER kaynaklı bileşen hangisidir?","Kombine kayıtlarda iki kaynağı ayrıştırmak klinik dinlemenin temelidir."
"auto_mixed_normal_rhonchi_left_upper_anterior_073","yetişkin","Kombine: Normal Kalp Sesleri + Ronküs","normal+rhonchi","educational_mapping","beklemede","2","Kayıttaki KALP kaynaklı bileşen hangisidir? | Kayıttaki AKCİĞER kaynaklı bileşen hangisidir?","Kombine kayıtlarda iki kaynağı ayrıştırmak klinik dinlemenin temelidir."
"auto_mixed_late_diastolic_murmur_pleural_rub_cardiac_aortic_074","yetişkin","Kombine: Geç Diyastolik Üfürüm + Plevral Frotman","late_diastolic_murmur+pleural_rub","educational_mapping","beklemede","2","Kayıttaki KALP kaynaklı bileşen hangisidir? | Kayıttaki AKCİĞER kaynaklı bileşen hangisidir?","Kombine kayıtlarda iki kaynağı ayrıştırmak klinik dinlemenin temelidir."
"auto_mixed_tachycardia_wheezing_cardiac_pulmonary_075","yetişkin","Kombine: Taşikardi + Wheezing","tachycardia+wheezing","educational_mapping","beklemede","2","Kayıttaki KALP kaynaklı bileşen hangisidir? | Kayıttaki AKCİĞER kaynaklı bileşen hangisidir?","Kombine kayıtlarda iki kaynağı ayrıştırmak klinik dinlemenin temelidir."
"auto_mixed_late_systolic_murmur_coarse_crackles_cardiac_tricuspid_076","yetişkin","Kombine: Geç Sistolik Üfürüm + Kaba Raller (Coarse Crackles)","late_systolic_murmur+coarse_crackles","educational_mapping","beklemede","2","Kayıttaki KALP kaynaklı bileşen hangisidir? | Kayıttaki AKCİĞER kaynaklı bileşen hangisidir?","Kombine kayıtlarda iki kaynağı ayrıştırmak klinik dinlemenin temelidir."
"auto_mixed_atrial_fibrillation_pleural_rub_right_lower_anterior_077","yetişkin","Kombine: Atriyal Fibrilasyon + Plevral Frotman","atrial_fibrillation+pleural_rub","educational_mapping","beklemede","2","Kayıttaki KALP kaynaklı bileşen hangisidir? | Kayıttaki AKCİĞER kaynaklı bileşen hangisidir?","Kombine kayıtlarda iki kaynağı ayrıştırmak klinik dinlemenin temelidir."
"auto_mixed_normal_wheezing_left_lower_anterior_078","yetişkin","Kombine: Normal Kalp Sesleri + Wheezing","normal+wheezing","educational_mapping","beklemede","2","Kayıttaki KALP kaynaklı bileşen hangisidir? | Kayıttaki AKCİĞER kaynaklı bileşen hangisidir?","Kombine kayıtlarda iki kaynağı ayrıştırmak klinik dinlemenin temelidir."
"auto_mixed_mid_systolic_murmur_fine_crackles_cardiac_pulmonary_079","yetişkin","Kombine: Orta Sistolik Üfürüm + İnce Raller (Fine Crackles)","mid_systolic_murmur+fine_crackles","educational_mapping","beklemede","2","Kayıttaki KALP kaynaklı bileşen hangisidir? | Kayıttaki AKCİĞER kaynaklı bileşen hangisidir?","Kombine kayıtlarda iki kaynağı ayrıştırmak klinik dinlemenin temelidir."
"auto_mixed_late_systolic_murmur_wheezing_cardiac_aortic_080","yetişkin","Kombine: Geç Sistolik Üfürüm + Wheezing","late_systolic_murmur+wheezing","educational_mapping","beklemede","2","Kayıttaki KALP kaynaklı bileşen hangisidir? | Kayıttaki AKCİĞER kaynaklı bileşen hangisidir?","Kombine kayıtlarda iki kaynağı ayrıştırmak klinik dinlemenin temelidir."
"auto_mixed_normal_pleural_rub_cardiac_tricuspid_081","yetişkin","Kombine: Normal Kalp Sesleri + Plevral Frotman","normal+pleural_rub","educational_mapping","beklemede","2","Kayıttaki KALP kaynaklı bileşen hangisidir? | Kayıttaki AKCİĞER kaynaklı bileşen hangisidir?","Kombine kayıtlarda iki kaynağı ayrıştırmak klinik dinlemenin temelidir."
"auto_mixed_late_systolic_murmur_rhonchi_left_upper_anterior_082","yetişkin","Kombine: Geç Sistolik Üfürüm + Ronküs","late_systolic_murmur+rhonchi","educational_mapping","beklemede","2","Kayıttaki KALP kaynaklı bileşen hangisidir? | Kayıttaki AKCİĞER kaynaklı bileşen hangisidir?","Kombine kayıtlarda iki kaynağı ayrıştırmak klinik dinlemenin temelidir."
"auto_mixed_mid_systolic_murmur_fine_crackles_left_lower_anterior_083","yetişkin","Kombine: Orta Sistolik Üfürüm + İnce Raller (Fine Crackles)","mid_systolic_murmur+fine_crackles","educational_mapping","beklemede","2","Kayıttaki KALP kaynaklı bileşen hangisidir? | Kayıttaki AKCİĞER kaynaklı bileşen hangisidir?","Kombine kayıtlarda iki kaynağı ayrıştırmak klinik dinlemenin temelidir."
"auto_mixed_early_systolic_murmur_normal_right_lower_anterior_084","yetişkin","Kombine: Erken Sistolik Üfürüm + Normal Solunum Sesleri","early_systolic_murmur+normal","educational_mapping","beklemede","2","Kayıttaki KALP kaynaklı bileşen hangisidir? | Kayıttaki AKCİĞER kaynaklı bileşen hangisidir?","Kombine kayıtlarda iki kaynağı ayrıştırmak klinik dinlemenin temelidir."
"auto_mixed_normal_fine_crackles_left_lower_anterior_085","yetişkin","Kombine: Normal Kalp Sesleri + İnce Raller (Fine Crackles)","normal+fine_crackles","educational_mapping","beklemede","2","Kayıttaki KALP kaynaklı bileşen hangisidir? | Kayıttaki AKCİĞER kaynaklı bileşen hangisidir?","Kombine kayıtlarda iki kaynağı ayrıştırmak klinik dinlemenin temelidir."
"auto_mixed_late_systolic_murmur_pleural_rub_left_lower_anterior_086","yetişkin","Kombine: Geç Sistolik Üfürüm + Plevral Frotman","late_systolic_murmur+pleural_rub","educational_mapping","beklemede","2","Kayıttaki KALP kaynaklı bileşen hangisidir? | Kayıttaki AKCİĞER kaynaklı bileşen hangisidir?","Kombine kayıtlarda iki kaynağı ayrıştırmak klinik dinlemenin temelidir."
"auto_mixed_mid_systolic_murmur_rhonchi_cardiac_aortic_087","yetişkin","Kombine: Orta Sistolik Üfürüm + Ronküs","mid_systolic_murmur+rhonchi","educational_mapping","beklemede","2","Kayıttaki KALP kaynaklı bileşen hangisidir? | Kayıttaki AKCİĞER kaynaklı bileşen hangisidir?","Kombine kayıtlarda iki kaynağı ayrıştırmak klinik dinlemenin temelidir."
"auto_mixed_atrial_fibrillation_wheezing_cardiac_mitral_088","yetişkin","Kombine: Atriyal Fibrilasyon + Wheezing","atrial_fibrillation+wheezing","educational_mapping","beklemede","2","Kayıttaki KALP kaynaklı bileşen hangisidir? | Kayıttaki AKCİĞER kaynaklı bileşen hangisidir?","Kombine kayıtlarda iki kaynağı ayrıştırmak klinik dinlemenin temelidir."
"auto_mixed_atrial_fibrillation_fine_crackles_left_lower_anterior_089","yetişkin","Kombine: Atriyal Fibrilasyon + İnce Raller (Fine Crackles)","atrial_fibrillation+fine_crackles","educational_mapping","beklemede","2","Kayıttaki KALP kaynaklı bileşen hangisidir? | Kayıttaki AKCİĞER kaynaklı bileşen hangisidir?","Kombine kayıtlarda iki kaynağı ayrıştırmak klinik dinlemenin temelidir."
"auto_mixed_s4_coarse_crackles_right_upper_anterior_090","yetişkin","Kombine: S4 (Dördüncü Kalp Sesi) + Kaba Raller (Coarse Crackles)","s4+coarse_crackles","educational_mapping","beklemede","2","Kayıttaki KALP kaynaklı bileşen hangisidir? | Kayıttaki AKCİĞER kaynaklı bileşen hangisidir?","Kombine kayıtlarda iki kaynağı ayrıştırmak klinik dinlemenin temelidir."
"auto_mixed_early_systolic_murmur_rhonchi_right_middle_anterior_091","yetişkin","Kombine: Erken Sistolik Üfürüm + Ronküs","early_systolic_murmur+rhonchi","educational_mapping","beklemede","2","Kayıttaki KALP kaynaklı bileşen hangisidir? | Kayıttaki AKCİĞER kaynaklı bileşen hangisidir?","Kombine kayıtlarda iki kaynağı ayrıştırmak klinik dinlemenin temelidir."
"auto_mixed_tachycardia_fine_crackles_right_middle_anterior_092","yetişkin","Kombine: Taşikardi + İnce Raller (Fine Crackles)","tachycardia+fine_crackles","educational_mapping","beklemede","2","Kayıttaki KALP kaynaklı bileşen hangisidir? | Kayıttaki AKCİĞER kaynaklı bileşen hangisidir?","Kombine kayıtlarda iki kaynağı ayrıştırmak klinik dinlemenin temelidir."
"auto_mixed_s3_wheezing_left_lower_anterior_093","yetişkin","Kombine: S3 (Üçüncü Kalp Sesi) + Wheezing","s3+wheezing","educational_mapping","beklemede","2","Kayıttaki KALP kaynaklı bileşen hangisidir? | Kayıttaki AKCİĞER kaynaklı bileşen hangisidir?","Kombine kayıtlarda iki kaynağı ayrıştırmak klinik dinlemenin temelidir."
"auto_mixed_early_systolic_murmur_fine_crackles_left_lower_anterior_094","yetişkin","Kombine: Erken Sistolik Üfürüm + İnce Raller (Fine Crackles)","early_systolic_murmur+fine_crackles","educational_mapping","beklemede","2","Kayıttaki KALP kaynaklı bileşen hangisidir? | Kayıttaki AKCİĞER kaynaklı bileşen hangisidir?","Kombine kayıtlarda iki kaynağı ayrıştırmak klinik dinlemenin temelidir."
"auto_mixed_av_block_wheezing_left_lower_anterior_095","yetişkin","Kombine: Atriyoveventriküler Blok + Wheezing","av_block+wheezing","educational_mapping","beklemede","2","Kayıttaki KALP kaynaklı bileşen hangisidir? | Kayıttaki AKCİĞER kaynaklı bileşen hangisidir?","Kombine kayıtlarda iki kaynağı ayrıştırmak klinik dinlemenin temelidir."
"auto_mixed_av_block_wheezing_right_middle_anterior_096","yetişkin","Kombine: Atriyoveventriküler Blok + Wheezing","av_block+wheezing","educational_mapping","beklemede","2","Kayıttaki KALP kaynaklı bileşen hangisidir? | Kayıttaki AKCİĞER kaynaklı bileşen hangisidir?","Kombine kayıtlarda iki kaynağı ayrıştırmak klinik dinlemenin temelidir."
"auto_mixed_mid_systolic_murmur_normal_cardiac_pulmonary_097","yetişkin","Kombine: Orta Sistolik Üfürüm + Normal Solunum Sesleri","mid_systolic_murmur+normal","educational_mapping","beklemede","2","Kayıttaki KALP kaynaklı bileşen hangisidir? | Kayıttaki AKCİĞER kaynaklı bileşen hangisidir?","Kombine kayıtlarda iki kaynağı ayrıştırmak klinik dinlemenin temelidir."
"auto_mixed_mid_systolic_murmur_fine_crackles_cardiac_aortic_098","yetişkin","Kombine: Orta Sistolik Üfürüm + İnce Raller (Fine Crackles)","mid_systolic_murmur+fine_crackles","educational_mapping","beklemede","2","Kayıttaki KALP kaynaklı bileşen hangisidir? | Kayıttaki AKCİĞER kaynaklı bileşen hangisidir?","Kombine kayıtlarda iki kaynağı ayrıştırmak klinik dinlemenin temelidir."
"auto_mixed_tachycardia_wheezing_cardiac_mitral_099","yetişkin","Kombine: Taşikardi + Wheezing","tachycardia+wheezing","educational_mapping","beklemede","2","Kayıttaki KALP kaynaklı bileşen hangisidir? | Kayıttaki AKCİĞER kaynaklı bileşen hangisidir?","Kombine kayıtlarda iki kaynağı ayrıştırmak klinik dinlemenin temelidir."
"auto_mixed_early_systolic_murmur_normal_cardiac_tricuspid_100","yetişkin","Kombine: Erken Sistolik Üfürüm + Normal Solunum Sesleri","early_systolic_murmur+normal","educational_mapping","beklemede","2","Kayıttaki KALP kaynaklı bileşen hangisidir? | Kayıttaki AKCİĞER kaynaklı bileşen hangisidir?","Kombine kayıtlarda iki kaynağı ayrıştırmak klinik dinlemenin temelidir."
"auto_mixed_s3_wheezing_left_upper_anterior_101","yetişkin","Kombine: S3 (Üçüncü Kalp Sesi) + Wheezing","s3+wheezing","educational_mapping","beklemede","2","Kayıttaki KALP kaynaklı bileşen hangisidir? | Kayıttaki AKCİĞER kaynaklı bileşen hangisidir?","Kombine kayıtlarda iki kaynağı ayrıştırmak klinik dinlemenin temelidir."
"auto_mixed_normal_fine_crackles_cardiac_mitral_102","yetişkin","Kombine: Normal Kalp Sesleri + İnce Raller (Fine Crackles)","normal+fine_crackles","educational_mapping","beklemede","2","Kayıttaki KALP kaynaklı bileşen hangisidir? | Kayıttaki AKCİĞER kaynaklı bileşen hangisidir?","Kombine kayıtlarda iki kaynağı ayrıştırmak klinik dinlemenin temelidir."
"auto_mixed_av_block_normal_left_middle_anterior_103","yetişkin","Kombine: Atriyoveventriküler Blok + Normal Solunum Sesleri","av_block+normal","educational_mapping","beklemede","2","Kayıttaki KALP kaynaklı bileşen hangisidir? | Kayıttaki AKCİĞER kaynaklı bileşen hangisidir?","Kombine kayıtlarda iki kaynağı ayrıştırmak klinik dinlemenin temelidir."
"auto_mixed_tachycardia_wheezing_cardiac_aortic_104","yetişkin","Kombine: Taşikardi + Wheezing","tachycardia+wheezing","educational_mapping","beklemede","2","Kayıttaki KALP kaynaklı bileşen hangisidir? | Kayıttaki AKCİĞER kaynaklı bileşen hangisidir?","Kombine kayıtlarda iki kaynağı ayrıştırmak klinik dinlemenin temelidir."
"auto_mixed_late_diastolic_murmur_fine_crackles_cardiac_mitral_105","yetişkin","Kombine: Geç Diyastolik Üfürüm + İnce Raller (Fine Crackles)","late_diastolic_murmur+fine_crackles","educational_mapping","beklemede","2","Kayıttaki KALP kaynaklı bileşen hangisidir? | Kayıttaki AKCİĞER kaynaklı bileşen hangisidir?","Kombine kayıtlarda iki kaynağı ayrıştırmak klinik dinlemenin temelidir."
"auto_mixed_tachycardia_normal_left_lower_anterior_106","yetişkin","Kombine: Taşikardi + Normal Solunum Sesleri","tachycardia+normal","educational_mapping","beklemede","2","Kayıttaki KALP kaynaklı bileşen hangisidir? | Kayıttaki AKCİĞER kaynaklı bileşen hangisidir?","Kombine kayıtlarda iki kaynağı ayrıştırmak klinik dinlemenin temelidir."
"auto_mixed_s4_wheezing_cardiac_mitral_107","yetişkin","Kombine: S4 (Dördüncü Kalp Sesi) + Wheezing","s4+wheezing","educational_mapping","beklemede","2","Kayıttaki KALP kaynaklı bileşen hangisidir? | Kayıttaki AKCİĞER kaynaklı bileşen hangisidir?","Kombine kayıtlarda iki kaynağı ayrıştırmak klinik dinlemenin temelidir."
"auto_mixed_mid_systolic_murmur_normal_right_middle_anterior_108","yetişkin","Kombine: Orta Sistolik Üfürüm + Normal Solunum Sesleri","mid_systolic_murmur+normal","educational_mapping","beklemede","2","Kayıttaki KALP kaynaklı bileşen hangisidir? | Kayıttaki AKCİĞER kaynaklı bileşen hangisidir?","Kombine kayıtlarda iki kaynağı ayrıştırmak klinik dinlemenin temelidir."
"auto_mixed_early_systolic_murmur_wheezing_right_lower_anterior_109","yetişkin","Kombine: Erken Sistolik Üfürüm + Wheezing","early_systolic_murmur+wheezing","educational_mapping","beklemede","2","Kayıttaki KALP kaynaklı bileşen hangisidir? | Kayıttaki AKCİĞER kaynaklı bileşen hangisidir?","Kombine kayıtlarda iki kaynağı ayrıştırmak klinik dinlemenin temelidir."
"auto_mixed_av_block_normal_left_upper_anterior_110","yetişkin","Kombine: Atriyoveventriküler Blok + Normal Solunum Sesleri","av_block+normal","educational_mapping","beklemede","2","Kayıttaki KALP kaynaklı bileşen hangisidir? | Kayıttaki AKCİĞER kaynaklı bileşen hangisidir?","Kombine kayıtlarda iki kaynağı ayrıştırmak klinik dinlemenin temelidir."
"auto_mixed_late_diastolic_murmur_normal_cardiac_aortic_111","yetişkin","Kombine: Geç Diyastolik Üfürüm + Normal Solunum Sesleri","late_diastolic_murmur+normal","educational_mapping","beklemede","2","Kayıttaki KALP kaynaklı bileşen hangisidir? | Kayıttaki AKCİĞER kaynaklı bileşen hangisidir?","Kombine kayıtlarda iki kaynağı ayrıştırmak klinik dinlemenin temelidir."
"auto_ped_normal_aortic_001","pediatrik","Pediatrik Normal Kalp Sesleri — Aort odağı","normal","validated","beklemede","2","Ana odakta duyduğunuz bulgu hangisidir? | Bu yaş grubunda beklenen istirahat kalp hızı aralığı hangisidir?","Pediatrik gerçek hasta kaydı (CirCor). Çocuklarda kalp hızı yaşla azalır; okul çağında ~70–110/dk beklenir."
"auto_ped_mid_systolic_murmur_aortic_002","pediatrik","Pediatrik Orta Sistolik Üfürüm — Aort odağı","mid_systolic_murmur","validated","beklemede","2","Ana odakta duyduğunuz bulgu hangisidir? | Bu yaş grubunda beklenen istirahat kalp hızı aralığı hangisidir?","Pediatrik gerçek hasta kaydı (CirCor). Orta sistolik üfürüm pediatride sık duyulur; masum Still üfürümü kısa ve müzikal olabilir."
"auto_ped_early_systolic_murmur_aortic_003","pediatrik","Pediatrik Erken Sistolik Üfürüm — Aort odağı","early_systolic_murmur","validated","beklemede","2","Ana odakta duyduğunuz bulgu hangisidir? | Bu yaş grubunda beklenen istirahat kalp hızı aralığı hangisidir?","Pediatrik gerçek hasta kaydı (CirCor). Ateşli dönemde kısa sistolik üfürümler sık; masum/patolojik ayrımı klinik bağlamla yapılır."
"auto_ped_late_systolic_murmur_aortic_004","pediatrik","Pediatrik Geç Sistolik Üfürüm — Aort odağı","late_systolic_murmur","validated","beklemede","2","Ana odakta duyduğunuz bulgu hangisidir? | Bu yaş grubunda beklenen istirahat kalp hızı aralığı hangisidir?","Pediatrik gerçek hasta kaydı (CirCor). Geç sistolik üfürüm genellikle daha dikkatli değerlendirme gerektirir."